timestamp,class,confidence
04:59 PM,person,0.37765032052993774
04:59 PM,tv,0.35195526480674744
04:59 PM,person,0.5314915180206299
04:59 PM,tv,0.4845019280910492
04:59 PM,person,0.5429356098175049
04:59 PM,chair,0.4639286398887634
04:59 PM,person,0.5442467331886292
04:59 PM,tv,0.4203151762485504
04:59 PM,laptop,0.35954222083091736
04:59 PM,chair,0.5477479100227356
04:59 PM,person,0.5136704444885254
04:59 PM,laptop,0.5733747482299805
04:59 PM,person,0.45902371406555176
04:59 PM,person,0.6260542869567871
04:59 PM,laptop,0.42853811383247375
04:59 PM,person,0.5789964199066162
04:59 PM,laptop,0.5346208810806274
04:59 PM,person,0.6062349081039429
04:59 PM,chair,0.5338339805603027
04:59 PM,laptop,0.26747339963912964
04:59 PM,laptop,0.5764169692993164
04:59 PM,person,0.5329242944717407
04:59 PM,person,0.5143448114395142
04:59 PM,chair,0.499304860830307
04:59 PM,laptop,0.47316962480545044
04:59 PM,person,0.49099183082580566
04:59 PM,tv,0.47272127866744995
04:59 PM,laptop,0.40687933564186096
04:59 PM,laptop,0.6031136512756348
04:59 PM,person,0.462405800819397
04:59 PM,laptop,0.562434732913971
04:59 PM,person,0.4545360207557678
04:59 PM,laptop,0.6187850832939148
04:59 PM,person,0.4561319053173065
04:59 PM,person,0.5588594675064087
04:59 PM,laptop,0.48755231499671936
04:59 PM,person,0.5054171681404114
04:59 PM,laptop,0.4953172206878662
04:59 PM,tv,0.2732815146446228
04:59 PM,laptop,0.49861982464790344
04:59 PM,person,0.4800684154033661
04:59 PM,chair,0.4194394648075104
04:59 PM,laptop,0.5059731006622314
04:59 PM,person,0.5053172707557678
04:59 PM,laptop,0.5067713260650635
04:59 PM,person,0.43565136194229126
04:59 PM,chair,0.6024736762046814
04:59 PM,person,0.5476845502853394
04:59 PM,person,0.5166676044464111
04:59 PM,laptop,0.4715408980846405
04:59 PM,tv,0.4487733840942383
04:59 PM,chair,0.5763189196586609
04:59 PM,person,0.45774441957473755
04:59 PM,laptop,0.5730798244476318
04:59 PM,person,0.49676185846328735
04:59 PM,laptop,0.5379620790481567
04:59 PM,person,0.5032234787940979
04:59 PM,laptop,0.6489701867103577
04:59 PM,person,0.638736367225647
04:59 PM,person,0.5569987297058105
04:59 PM,laptop,0.5218949317932129
04:59 PM,tv,0.255499929189682
04:59 PM,person,0.5410106778144836
04:59 PM,tv,0.49628210067749023
04:59 PM,laptop,0.42939865589141846
04:59 PM,laptop,0.6369274258613586
04:59 PM,person,0.5935547947883606
04:59 PM,tv,0.34929126501083374
04:59 PM,person,0.5454733371734619
04:59 PM,laptop,0.5367851853370667
04:59 PM,person,0.6086992621421814
04:59 PM,laptop,0.3667924702167511
04:59 PM,chair,0.31906408071517944
04:59 PM,person,0.5474435091018677
04:59 PM,laptop,0.5195748805999756
04:59 PM,tv,0.26717135310173035
05:00 PM,person,0.5838690996170044
05:00 PM,laptop,0.45560169219970703
05:00 PM,person,0.5479596853256226
05:00 PM,laptop,0.4737791419029236
05:00 PM,tv,0.2667316496372223
05:00 PM,person,0.6416340470314026
05:00 PM,tv,0.5105958580970764
05:00 PM,laptop,0.38811710476875305
05:00 PM,person,0.64970862865448
05:00 PM,laptop,0.38383951783180237
05:00 PM,chair,0.29114261269569397
05:00 PM,tv,0.2709822356700897
05:00 PM,person,0.6218324303627014
05:00 PM,laptop,0.6115437746047974
05:00 PM,person,0.5953413844108582
05:00 PM,laptop,0.5078515410423279
05:00 PM,person,0.4735167324542999
05:00 PM,laptop,0.4487042725086212
05:00 PM,tv,0.42571428418159485
05:00 PM,person,0.5906988382339478
05:00 PM,laptop,0.4315512180328369
05:00 PM,laptop,0.5277760624885559
05:00 PM,person,0.5161377787590027
05:00 PM,person,0.5825533270835876
05:00 PM,tv,0.43679124116897583
05:00 PM,laptop,0.42041638493537903
05:00 PM,person,0.688629686832428
05:00 PM,laptop,0.477806955575943
05:00 PM,chair,0.35792556405067444
05:00 PM,person,0.5960853099822998
05:00 PM,laptop,0.5428246855735779
05:00 PM,person,0.6510049104690552
05:00 PM,laptop,0.4668172001838684
05:00 PM,tv,0.46459826827049255
05:00 PM,person,0.6630591750144958
05:00 PM,tv,0.502421498298645
05:00 PM,laptop,0.49525320529937744
05:00 PM,person,0.6000203490257263
05:00 PM,laptop,0.5639544725418091
05:00 PM,person,0.6364932656288147
05:00 PM,laptop,0.4799945056438446
05:00 PM,person,0.5507773160934448
05:00 PM,tv,0.4558737277984619
05:00 PM,laptop,0.3643038272857666
05:00 PM,person,0.6133013963699341
05:00 PM,laptop,0.5706537365913391
05:00 PM,person,0.5630292892456055
05:00 PM,laptop,0.5497461557388306
05:00 PM,laptop,0.5115054845809937
05:00 PM,person,0.5055450797080994
05:00 PM,person,0.5645884275436401
05:00 PM,laptop,0.4399071931838989
05:00 PM,tv,0.4262492060661316
05:00 PM,person,0.6123505234718323
05:00 PM,laptop,0.5954257249832153
05:00 PM,person,0.5286378264427185
05:00 PM,laptop,0.4971100389957428
05:00 PM,chair,0.4504285156726837
05:00 PM,laptop,0.5778363347053528
05:00 PM,person,0.5454871654510498
05:00 PM,person,0.509494960308075
05:00 PM,laptop,0.5069392919540405
05:00 PM,tv,0.28774556517601013
05:00 PM,laptop,0.5271836519241333
05:00 PM,person,0.46517011523246765
05:00 PM,chair,0.3976253569126129
05:00 PM,person,0.5274429321289062
05:00 PM,laptop,0.501944363117218
05:00 PM,person,0.5818598866462708
05:00 PM,laptop,0.5353109836578369
05:00 PM,person,0.6656832695007324
05:00 PM,laptop,0.45585867762565613
05:00 PM,tv,0.38804730772972107
05:00 PM,chair,0.38292160630226135
05:00 PM,person,0.5183826684951782
05:00 PM,chair,0.4868793785572052
05:00 PM,laptop,0.25997933745384216
05:00 PM,person,0.5919283032417297
05:00 PM,laptop,0.47443705797195435
05:00 PM,chair,0.40055471658706665
05:00 PM,person,0.6169356107711792
05:00 PM,laptop,0.40406832098960876
05:00 PM,chair,0.39851415157318115
05:00 PM,person,0.6637442111968994
05:00 PM,chair,0.46870115399360657
05:00 PM,laptop,0.3604224920272827
05:00 PM,person,0.6444774270057678
05:00 PM,laptop,0.4720292389392853
05:00 PM,person,0.6387251615524292
05:00 PM,laptop,0.5493054986000061
05:00 PM,person,0.6349135041236877
05:00 PM,chair,0.5896164178848267
05:00 PM,laptop,0.3932524025440216
05:00 PM,person,0.7005553245544434
05:00 PM,chair,0.5469588041305542
05:00 PM,laptop,0.42092177271842957
05:00 PM,laptop,0.627699613571167
05:00 PM,person,0.5646584630012512
05:00 PM,person,0.6274996995925903
05:00 PM,laptop,0.5430346727371216
05:00 PM,chair,0.4200496971607208
05:00 PM,person,0.6234688758850098
05:00 PM,chair,0.4540267884731293
05:00 PM,laptop,0.37673789262771606
05:00 PM,person,0.6591005921363831
05:00 PM,laptop,0.5324570536613464
05:00 PM,person,0.6606534123420715
05:00 PM,chair,0.49790602922439575
05:00 PM,laptop,0.45313048362731934
05:00 PM,laptop,0.5600199103355408
05:00 PM,person,0.5580962300300598
05:00 PM,chair,0.40629976987838745
05:00 PM,person,0.6813206672668457
05:00 PM,chair,0.6092590689659119
05:00 PM,laptop,0.6276674270629883
05:00 PM,person,0.5836825370788574
05:00 PM,laptop,0.5182056427001953
05:00 PM,person,0.5061343312263489
05:00 PM,laptop,0.5881445407867432
05:00 PM,person,0.5354403257369995
05:00 PM,laptop,0.5649845600128174
05:00 PM,person,0.512239933013916
05:00 PM,tv,0.2810882329940796
05:00 PM,laptop,0.6455164551734924
05:00 PM,person,0.6071555614471436
05:00 PM,laptop,0.5811657905578613
05:00 PM,person,0.5206636190414429
05:00 PM,laptop,0.6039543747901917
05:00 PM,person,0.5148534178733826
05:00 PM,laptop,0.6194888353347778
05:00 PM,person,0.5332900285720825
05:00 PM,person,0.5774962306022644
05:00 PM,laptop,0.5466980338096619
05:00 PM,tv,0.3229109048843384
05:00 PM,person,0.6186603307723999
05:00 PM,laptop,0.5493816137313843
05:00 PM,person,0.548005998134613
05:00 PM,laptop,0.4760779142379761
05:00 PM,person,0.5939038991928101
05:00 PM,laptop,0.5794882774353027
05:00 PM,tv,0.25716128945350647
05:00 PM,person,0.5896755456924438
05:00 PM,laptop,0.47011712193489075
05:00 PM,tv,0.4476219713687897
05:00 PM,chair,0.40407198667526245
05:00 PM,person,0.5947983264923096
05:00 PM,laptop,0.5043976306915283
05:00 PM,tv,0.4768246114253998
05:00 PM,person,0.5718082785606384
05:00 PM,chair,0.4410429298877716
05:00 PM,tv,0.2801879942417145
05:00 PM,person,0.6288387179374695
05:00 PM,laptop,0.5317307114601135
05:00 PM,tv,0.32232216000556946
05:00 PM,laptop,0.6339023113250732
05:00 PM,person,0.5527762174606323
05:00 PM,person,0.5440617799758911
05:00 PM,laptop,0.49556607007980347
05:00 PM,laptop,0.6024175882339478
05:00 PM,person,0.5242007374763489
05:00 PM,chair,0.42968305945396423
05:00 PM,cell phone,0.36165350675582886
05:00 PM,laptop,0.5258781909942627
05:00 PM,person,0.47334614396095276
05:00 PM,chair,0.37351229786872864
05:00 PM,tv,0.2941688895225525
05:00 PM,laptop,0.6132121682167053
05:00 PM,person,0.47198477387428284
05:00 PM,laptop,0.6059711575508118
05:00 PM,person,0.5171383619308472
05:00 PM,person,0.6394763588905334
05:00 PM,laptop,0.47762763500213623
05:00 PM,tv,0.3718411922454834
05:00 PM,person,0.6323202252388
05:00 PM,laptop,0.5993481278419495
05:00 PM,tv,0.305440753698349
05:00 PM,person,0.5705901980400085
05:00 PM,laptop,0.5527806282043457
05:00 PM,person,0.5787319540977478
05:00 PM,tv,0.5649093389511108
05:00 PM,laptop,0.46219563484191895
05:00 PM,laptop,0.6185168027877808
05:00 PM,person,0.5906164050102234
05:00 PM,person,0.5823779702186584
05:00 PM,tv,0.5500006675720215
05:00 PM,laptop,0.3556084930896759
05:00 PM,person,0.6016674041748047
05:00 PM,laptop,0.541144073009491
05:00 PM,tv,0.2640393376350403
05:00 PM,laptop,0.622630774974823
05:00 PM,person,0.5583459734916687
05:00 PM,laptop,0.6674571633338928
05:00 PM,person,0.6340909004211426
05:00 PM,laptop,0.5949434041976929
05:00 PM,person,0.5896464586257935
05:00 PM,tv,0.2876843214035034
05:00 PM,person,0.6816498041152954
05:00 PM,tv,0.5197980999946594
05:00 PM,laptop,0.36920419335365295
05:00 PM,person,0.6412972807884216
05:00 PM,laptop,0.5273461937904358
05:00 PM,person,0.6022448539733887
05:00 PM,laptop,0.5617479085922241
05:00 PM,tv,0.5145211219787598
05:00 PM,person,0.628063976764679
05:00 PM,laptop,0.5233668684959412
05:00 PM,laptop,0.6144055128097534
05:00 PM,person,0.5768666863441467
05:00 PM,person,0.6489048004150391
05:00 PM,laptop,0.6259145140647888
05:00 PM,person,0.6522260308265686
05:00 PM,laptop,0.46901169419288635
05:00 PM,tv,0.42055386304855347
05:00 PM,person,0.6549869179725647
05:00 PM,laptop,0.5954253077507019
05:00 PM,person,0.5922393202781677
05:00 PM,laptop,0.5137979984283447
05:00 PM,tv,0.35496827960014343
05:00 PM,person,0.5994387269020081
05:00 PM,laptop,0.46863284707069397
05:00 PM,person,0.5921476483345032
05:00 PM,tv,0.5669932961463928
05:00 PM,laptop,0.49073901772499084
05:00 PM,person,0.5900112986564636
05:00 PM,tv,0.5283089876174927
05:00 PM,laptop,0.46829721331596375
05:00 PM,person,0.6466022729873657
05:00 PM,laptop,0.5071486830711365
05:00 PM,tv,0.49391457438468933
05:00 PM,person,0.6098186373710632
05:00 PM,laptop,0.503835141658783
05:00 PM,tv,0.4742969572544098
05:00 PM,person,0.5962628722190857
05:00 PM,laptop,0.556866466999054
05:00 PM,tv,0.29474854469299316
05:00 PM,person,0.6313146352767944
05:00 PM,laptop,0.5504340529441833
05:00 PM,person,0.6713740229606628
05:00 PM,laptop,0.5583224892616272
05:00 PM,tv,0.3188369870185852
05:00 PM,person,0.6404872536659241
05:00 PM,laptop,0.5963137745857239
05:00 PM,laptop,0.6199858784675598
05:00 PM,person,0.5198445320129395
05:00 PM,tv,0.2685479521751404
05:00 PM,laptop,0.6335594058036804
05:00 PM,person,0.5905812382698059
05:00 PM,laptop,0.6290487051010132
05:00 PM,person,0.5470188856124878
05:00 PM,person,0.5936712622642517
05:00 PM,laptop,0.5297937989234924
05:00 PM,tv,0.35963135957717896
05:00 PM,person,0.5552701354026794
05:00 PM,laptop,0.5431979894638062
05:00 PM,tv,0.5176874995231628
05:00 PM,person,0.6303501725196838
05:00 PM,laptop,0.6169648170471191
05:00 PM,tv,0.2700820565223694
05:00 PM,laptop,0.660382091999054
05:00 PM,person,0.632645308971405
05:00 PM,laptop,0.5582415461540222
05:00 PM,person,0.5283761024475098
05:00 PM,tv,0.27825215458869934
05:00 PM,laptop,0.6260596513748169
05:00 PM,person,0.475507915019989
05:00 PM,laptop,0.662106990814209
05:00 PM,person,0.5768253207206726
05:00 PM,person,0.6130918264389038
05:00 PM,laptop,0.5744730234146118
05:00 PM,laptop,0.5214585661888123
05:00 PM,person,0.48013585805892944
05:00 PM,person,0.5714682340621948
05:00 PM,tv,0.5259217619895935
05:00 PM,laptop,0.47337764501571655
05:00 PM,laptop,0.5738537311553955
05:00 PM,person,0.5402079820632935
05:00 PM,person,0.5803847312927246
05:00 PM,laptop,0.5712617039680481
05:00 PM,laptop,0.5695461630821228
05:00 PM,person,0.5148607492446899
05:00 PM,laptop,0.5684362053871155
05:00 PM,person,0.5625011324882507
05:00 PM,tv,0.32250505685806274
05:00 PM,laptop,0.5329903960227966
05:00 PM,person,0.5218507051467896
05:00 PM,tv,0.279948890209198
05:00 PM,person,0.6019285321235657
05:00 PM,laptop,0.5478377938270569
05:00 PM,tv,0.3487425446510315
05:00 PM,laptop,0.6506518125534058
05:00 PM,person,0.5622392296791077
05:00 PM,laptop,0.6363233327865601
05:00 PM,person,0.5532349944114685
05:00 PM,person,0.555476188659668
05:00 PM,laptop,0.5358085036277771
05:00 PM,tv,0.3513949513435364
05:00 PM,person,0.6371128559112549
05:00 PM,tv,0.5385357737541199
05:00 PM,laptop,0.3916390836238861
05:00 PM,laptop,0.6684255599975586
05:00 PM,person,0.4813665449619293
05:00 PM,laptop,0.5835196375846863
05:00 PM,person,0.5550940632820129
05:00 PM,tv,0.46851199865341187
05:00 PM,laptop,0.5241640210151672
05:00 PM,person,0.5048611164093018
05:00 PM,tv,0.3778377175331116
05:00 PM,laptop,0.5479151606559753
05:00 PM,person,0.5160948038101196
05:00 PM,tv,0.3740657567977905
05:00 PM,person,0.6132077574729919
05:00 PM,laptop,0.5644358992576599
05:00 PM,person,0.5793161988258362
05:00 PM,tv,0.5170705914497375
05:00 PM,laptop,0.46677863597869873
05:00 PM,tv,0.47580525279045105
05:00 PM,laptop,0.4627786874771118
05:00 PM,person,0.45338720083236694
05:00 PM,person,0.5990337133407593
05:00 PM,tv,0.4237189292907715
05:00 PM,laptop,0.31728595495224
05:00 PM,person,0.5188066959381104
05:00 PM,laptop,0.5093337297439575
05:00 PM,tv,0.3113713562488556
05:00 PM,laptop,0.5755859613418579
05:00 PM,person,0.5000028610229492
05:00 PM,person,0.6355943083763123
05:00 PM,tv,0.5125091075897217
05:00 PM,laptop,0.42115747928619385
05:00 PM,laptop,0.6071417927742004
05:00 PM,person,0.43413302302360535
05:00 PM,person,0.6031230092048645
05:00 PM,laptop,0.5352419018745422
05:00 PM,person,0.5963205099105835
05:00 PM,laptop,0.5610082149505615
05:00 PM,tv,0.2806861698627472
05:00 PM,person,0.5765851736068726
05:00 PM,laptop,0.517270565032959
05:00 PM,tv,0.2905243933200836
05:00 PM,person,0.5734769105911255
05:00 PM,tv,0.5028692483901978
05:00 PM,laptop,0.4475071132183075
05:00 PM,person,0.5898820161819458
05:00 PM,laptop,0.5386115908622742
05:00 PM,tv,0.3393914997577667
05:00 PM,person,0.5387078523635864
05:00 PM,tv,0.5288172960281372
05:00 PM,laptop,0.5013492703437805
05:00 PM,person,0.5895984768867493
05:00 PM,laptop,0.4929128587245941
05:00 PM,tv,0.4736877381801605
05:00 PM,tv,0.5025356411933899
05:00 PM,person,0.41187483072280884
05:00 PM,laptop,0.3779996633529663
05:00 PM,remote,0.3370721638202667
05:00 PM,cell phone,0.3305235207080841
05:00 PM,tv,0.5019227266311646
05:00 PM,laptop,0.5013505816459656
05:00 PM,person,0.46500855684280396
05:00 PM,person,0.545170783996582
05:00 PM,laptop,0.4773867726325989
05:00 PM,tv,0.4555828869342804
05:00 PM,person,0.5533512830734253
05:00 PM,laptop,0.5294281840324402
05:00 PM,tv,0.3001612424850464
05:00 PM,person,0.6893632411956787
05:00 PM,laptop,0.48425033688545227
05:00 PM,tv,0.47946226596832275
05:00 PM,cell phone,0.3461036682128906
05:00 PM,person,0.640104353427887
05:00 PM,laptop,0.613222599029541
05:00 PM,person,0.6268219351768494
05:00 PM,laptop,0.6168779730796814
05:00 PM,tv,0.2648155987262726
05:00 PM,person,0.6231718063354492
05:00 PM,laptop,0.6050816774368286
05:00 PM,tv,0.28163638710975647
05:00 PM,person,0.6100373268127441
05:00 PM,laptop,0.5649898052215576
05:00 PM,person,0.6391564011573792
05:00 PM,laptop,0.5476294159889221
05:00 PM,person,0.6233789324760437
05:00 PM,tv,0.4906744062900543
05:00 PM,laptop,0.443103551864624
05:00 PM,person,0.627122163772583
05:00 PM,laptop,0.6168672442436218
05:00 PM,person,0.5505374073982239
05:00 PM,laptop,0.49576523900032043
05:00 PM,laptop,0.6702480316162109
05:00 PM,person,0.579592764377594
05:00 PM,tv,0.25547391176223755
05:00 PM,laptop,0.6136775612831116
05:00 PM,person,0.6096845865249634
05:00 PM,tv,0.268769234418869
05:00 PM,laptop,0.6282732486724854
05:00 PM,person,0.6113764047622681
05:00 PM,person,0.5800096392631531
05:00 PM,tv,0.5278499126434326
05:00 PM,laptop,0.43232643604278564
05:00 PM,person,0.5937293171882629
05:00 PM,laptop,0.5213401317596436
05:00 PM,tv,0.2984772324562073
05:00 PM,laptop,0.5660294890403748
05:00 PM,person,0.5249856114387512
05:00 PM,tv,0.3105306029319763
05:00 PM,person,0.6053539514541626
05:00 PM,laptop,0.49701225757598877
05:00 PM,tv,0.49047720432281494
05:00 PM,person,0.5985082983970642
05:00 PM,laptop,0.5267354249954224
05:00 PM,tv,0.29889175295829773
05:00 PM,person,0.6699318885803223
05:00 PM,laptop,0.6449548602104187
05:00 PM,person,0.6473634839057922
05:00 PM,laptop,0.5593450665473938
05:00 PM,tv,0.32913938164711
05:00 PM,person,0.6805445551872253
05:00 PM,laptop,0.5722876787185669
05:00 PM,tv,0.5141581296920776
05:00 PM,person,0.6150564551353455
05:00 PM,tv,0.564471960067749
05:00 PM,laptop,0.5174292922019958
05:00 PM,laptop,0.5459966659545898
05:00 PM,person,0.4434420168399811
05:00 PM,tv,0.3302501440048218
05:00 PM,person,0.5190731287002563
05:00 PM,laptop,0.4930557310581207
05:00 PM,cell phone,0.43848806619644165
05:00 PM,tv,0.2940256595611572
05:00 PM,person,0.6308681964874268
05:00 PM,laptop,0.5521942973136902
05:00 PM,tv,0.5426130294799805
05:00 PM,person,0.6539857983589172
05:00 PM,laptop,0.5609943866729736
05:00 PM,tv,0.28405851125717163
05:00 PM,person,0.6678633093833923
05:00 PM,laptop,0.5529412627220154
05:00 PM,tv,0.4712931513786316
05:00 PM,person,0.6135229468345642
05:00 PM,laptop,0.577565610408783
05:00 PM,tv,0.5160905718803406
05:00 PM,laptop,0.6120849251747131
05:00 PM,person,0.6035679578781128
05:00 PM,tv,0.3264908790588379
05:00 PM,laptop,0.6296497583389282
05:00 PM,person,0.6058461666107178
05:00 PM,tv,0.31245139241218567
05:00 PM,person,0.6378014087677002
05:00 PM,laptop,0.6073774695396423
05:00 PM,person,0.6336594223976135
05:00 PM,tv,0.5939571857452393
05:00 PM,laptop,0.5073172450065613
05:00 PM,person,0.6512666940689087
05:00 PM,laptop,0.6190083026885986
05:00 PM,tv,0.33447614312171936
05:00 PM,person,0.6321773529052734
05:00 PM,laptop,0.5996177792549133
05:00 PM,tv,0.31359612941741943
05:00 PM,person,0.607292115688324
05:00 PM,tv,0.5085965394973755
05:00 PM,laptop,0.4773047864437103
05:00 PM,cell phone,0.3362193703651428
05:00 PM,person,0.5867875218391418
05:00 PM,laptop,0.48741084337234497
05:00 PM,tv,0.3329697251319885
05:00 PM,cell phone,0.273679256439209
05:00 PM,person,0.6329003572463989
05:00 PM,laptop,0.5611804127693176
05:00 PM,tv,0.32878145575523376
05:00 PM,person,0.5887212753295898
05:00 PM,laptop,0.5689902901649475
05:00 PM,tv,0.3573305606842041
05:00 PM,laptop,0.6911519169807434
05:00 PM,person,0.6196672916412354
05:00 PM,tv,0.35943952202796936
05:00 PM,tv,0.5490905046463013
05:00 PM,laptop,0.4791679382324219
05:00 PM,person,0.452754408121109
05:00 PM,person,0.5543135404586792
05:00 PM,laptop,0.5190857648849487
05:00 PM,tv,0.3570592701435089
05:00 PM,person,0.5406598448753357
05:00 PM,laptop,0.4971630275249481
05:00 PM,tv,0.4658813178539276
05:00 PM,laptop,0.6685837507247925
05:00 PM,person,0.580651581287384
05:00 PM,person,0.6417639255523682
05:00 PM,laptop,0.5523945093154907
05:00 PM,tv,0.35315099358558655
05:00 PM,person,0.6855396032333374
05:00 PM,laptop,0.6049783229827881
05:00 PM,tv,0.3829849660396576
05:00 PM,person,0.6315004825592041
05:00 PM,laptop,0.5627197027206421
05:00 PM,tv,0.3202335238456726
05:00 PM,person,0.6176681518554688
05:00 PM,laptop,0.525482177734375
05:00 PM,tv,0.2598264217376709
05:00 PM,person,0.6322435736656189
05:00 PM,laptop,0.558295726776123
05:00 PM,tv,0.3124969005584717
05:00 PM,person,0.6159237623214722
05:00 PM,tv,0.5566912889480591
05:00 PM,laptop,0.5085150599479675
05:00 PM,person,0.5656968355178833
05:00 PM,laptop,0.5401390790939331
05:00 PM,tv,0.31169939041137695
05:00 PM,person,0.7345181703567505
05:00 PM,laptop,0.5714749097824097
05:00 PM,tv,0.48389285802841187
05:00 PM,person,0.6121928691864014
05:00 PM,laptop,0.5995413661003113
05:00 PM,tv,0.4671116769313812
05:00 PM,person,0.6518518328666687
05:00 PM,tv,0.5088881850242615
05:00 PM,laptop,0.4415610432624817
05:00 PM,person,0.6738566160202026
05:00 PM,tv,0.5013368725776672
05:00 PM,laptop,0.49347883462905884
05:01 PM,person,0.6069186925888062
05:01 PM,laptop,0.5453426837921143
05:01 PM,person,0.5890833139419556
05:01 PM,laptop,0.5386912822723389
05:01 PM,tv,0.3015958368778229
05:01 PM,person,0.6224108338356018
05:01 PM,laptop,0.5383588671684265
05:01 PM,tv,0.3061578869819641
05:01 PM,person,0.6865238547325134
05:01 PM,laptop,0.6455287337303162
05:01 PM,tv,0.29412761330604553
05:01 PM,person,0.6518063545227051
05:01 PM,laptop,0.45886367559432983
05:01 PM,chair,0.4321896731853485
05:01 PM,person,0.7080228328704834
05:01 PM,tv,0.4183817505836487
05:01 PM,laptop,0.4035947620868683
05:01 PM,laptop,0.5213579535484314
05:01 PM,person,0.513359010219574
05:01 PM,tv,0.4931473731994629
05:01 PM,laptop,0.6545280814170837
05:01 PM,person,0.6378933191299438
05:01 PM,tv,0.26572638750076294
05:01 PM,person,0.6045483946800232
05:01 PM,laptop,0.5337657928466797
05:01 PM,tv,0.5019028186798096
05:01 PM,person,0.6482877135276794
05:01 PM,laptop,0.5472249984741211
05:01 PM,person,0.6318420171737671
05:01 PM,laptop,0.49271994829177856
05:01 PM,tv,0.3226243555545807
05:01 PM,laptop,0.625232458114624
05:01 PM,person,0.609841525554657
05:01 PM,tv,0.34865695238113403
05:01 PM,laptop,0.6585801243782043
05:01 PM,person,0.45931127667427063
05:01 PM,laptop,0.5959097146987915
05:01 PM,person,0.4830218255519867
05:01 PM,laptop,0.5424445867538452
05:01 PM,person,0.5184922218322754
05:01 PM,person,0.6441049575805664
05:01 PM,laptop,0.5694916248321533
05:01 PM,tv,0.3090249001979828
05:01 PM,person,0.6898670196533203
05:01 PM,laptop,0.4903213381767273
05:01 PM,chair,0.46909061074256897
05:01 PM,person,0.6507682204246521
05:01 PM,laptop,0.6397745609283447
05:01 PM,person,0.634414792060852
05:01 PM,laptop,0.47911539673805237
05:01 PM,person,0.5132566094398499
05:01 PM,laptop,0.487417072057724
05:01 PM,tv,0.3474695384502411
05:01 PM,person,0.5182020664215088
05:01 PM,laptop,0.4726603031158447
05:01 PM,tv,0.4186107814311981
05:01 PM,person,0.6074053645133972
05:01 PM,laptop,0.48336493968963623
05:01 PM,tv,0.3179496228694916
05:01 PM,laptop,0.5737448930740356
05:01 PM,person,0.5171018242835999
05:01 PM,tv,0.32112258672714233
05:01 PM,person,0.5410404205322266
05:01 PM,tv,0.496783584356308
05:01 PM,laptop,0.45057520270347595
05:01 PM,person,0.6596298217773438
05:01 PM,tv,0.5101033449172974
05:01 PM,laptop,0.43091410398483276
05:01 PM,person,0.6515852808952332
05:01 PM,laptop,0.5767959356307983
05:01 PM,tv,0.3666875660419464
05:01 PM,tv,0.6335384249687195
05:01 PM,person,0.5951472520828247
05:01 PM,laptop,0.4393564760684967
05:01 PM,person,0.6510350108146667
05:01 PM,tv,0.5885562896728516
05:01 PM,laptop,0.5506996512413025
05:01 PM,person,0.6132001280784607
05:01 PM,tv,0.5327452421188354
05:01 PM,laptop,0.3508322834968567
05:01 PM,person,0.5716572999954224
05:01 PM,laptop,0.5496358275413513
05:01 PM,tv,0.2905391752719879
05:01 PM,person,0.6083464622497559
05:01 PM,laptop,0.6004855632781982
05:01 PM,tv,0.3427709639072418
05:01 PM,laptop,0.5537396669387817
05:01 PM,person,0.5100660920143127
05:01 PM,tv,0.4720489978790283
05:01 PM,person,0.5605073571205139
05:01 PM,tv,0.4716622233390808
05:01 PM,laptop,0.46371662616729736
05:01 PM,person,0.5874566435813904
05:01 PM,laptop,0.5092606544494629
05:01 PM,tv,0.28447678685188293
05:01 PM,person,0.5610097646713257
05:01 PM,tv,0.5474032163619995
05:01 PM,laptop,0.39572465419769287
05:01 PM,person,0.6169707179069519
05:01 PM,laptop,0.46010956168174744
05:01 PM,chair,0.357757031917572
05:01 PM,tv,0.3522821068763733
05:01 PM,person,0.5929978489875793
05:01 PM,tv,0.4898819923400879
05:01 PM,laptop,0.365509569644928
05:01 PM,person,0.571250319480896
05:01 PM,chair,0.4628739655017853
05:01 PM,laptop,0.35571494698524475
05:01 PM,tv,0.2646434009075165
05:01 PM,person,0.6674240231513977
05:01 PM,tv,0.607920229434967
05:01 PM,laptop,0.3895479142665863
05:01 PM,person,0.6298092603683472
05:01 PM,tv,0.4655717611312866
05:01 PM,laptop,0.44533711671829224
05:01 PM,person,0.5681459307670593
05:01 PM,laptop,0.5453462600708008
05:01 PM,tv,0.29242125153541565
05:01 PM,person,0.6134987473487854
05:01 PM,tv,0.5301843881607056
05:01 PM,laptop,0.4607563018798828
05:01 PM,person,0.7020844221115112
05:01 PM,laptop,0.46254763007164
05:01 PM,chair,0.34603351354599
05:01 PM,tv,0.2949325740337372
05:01 PM,person,0.6397423148155212
05:01 PM,tv,0.5385812520980835
05:01 PM,laptop,0.33002015948295593
05:01 PM,person,0.636594295501709
05:01 PM,laptop,0.5651606917381287
05:01 PM,person,0.6619409322738647
05:01 PM,laptop,0.5697147846221924
05:01 PM,tv,0.2861389219760895
05:01 PM,person,0.6085138320922852
05:01 PM,tv,0.5405775904655457
05:01 PM,laptop,0.41787344217300415
05:01 PM,person,0.6088741421699524
05:01 PM,tv,0.5192590355873108
05:01 PM,laptop,0.41448715329170227
05:01 PM,laptop,0.6700072288513184
05:01 PM,person,0.5908496975898743
05:01 PM,tv,0.28186482191085815
05:01 PM,laptop,0.5578345060348511
05:01 PM,person,0.6146016120910645
05:01 PM,tv,0.5072936415672302
05:01 PM,chair,0.3976736068725586
05:01 PM,laptop,0.49036654829978943
05:01 PM,person,0.26422062516212463
05:01 PM,chair,0.4185008406639099
05:01 PM,person,0.410393625497818
05:01 PM,laptop,0.3777935802936554
05:01 PM,laptop,0.26476436853408813
05:01 PM,tv,0.25608354806900024
05:01 PM,person,0.328604131937027
05:01 PM,chair,0.3025933802127838
05:01 PM,laptop,0.2851596474647522
05:01 PM,tv,0.2743406891822815
05:01 PM,dog,0.4623326361179352
05:01 PM,tv,0.3319341838359833
05:01 PM,tv,0.3653540313243866
05:01 PM,laptop,0.3263615667819977
05:01 PM,tv,0.42829829454421997
05:01 PM,chair,0.36491912603378296
05:01 PM,tv,0.35273540019989014
05:01 PM,tv,0.3957361876964569
05:01 PM,chair,0.30137625336647034
05:01 PM,chair,0.40558794140815735
05:01 PM,tv,0.46966901421546936
05:01 PM,laptop,0.28980180621147156
05:01 PM,tv,0.4019114375114441
05:01 PM,chair,0.2692735493183136
05:01 PM,tv,0.35582661628723145
05:01 PM,chair,0.3200646936893463
05:01 PM,person,0.4747903048992157
05:01 PM,tv,0.436423659324646
05:01 PM,laptop,0.27063873410224915
05:01 PM,tv,0.5011389255523682
05:01 PM,laptop,0.3992590010166168
05:01 PM,person,0.6078293323516846
05:01 PM,laptop,0.5342167615890503
05:01 PM,person,0.5265129804611206
05:01 PM,laptop,0.4025343954563141
05:01 PM,tv,0.3830209970474243
05:01 PM,chair,0.36008068919181824
05:01 PM,laptop,0.5327085256576538
05:01 PM,person,0.5100761651992798
05:01 PM,person,0.5219560861587524
05:01 PM,tv,0.5192186236381531
05:01 PM,laptop,0.5041077136993408
05:01 PM,laptop,0.5174881219863892
05:01 PM,person,0.48347973823547363
05:01 PM,cell phone,0.31036508083343506
05:01 PM,tv,0.28145885467529297
05:01 PM,laptop,0.6098678708076477
05:01 PM,person,0.5703553557395935
05:01 PM,laptop,0.6015945076942444
05:01 PM,person,0.422475665807724
05:01 PM,person,0.46307453513145447
05:01 PM,laptop,0.4441588819026947
05:01 PM,chair,0.31656092405319214
05:01 PM,laptop,0.6320216059684753
05:01 PM,person,0.5377636551856995
05:01 PM,person,0.5258405804634094
05:01 PM,laptop,0.4639089107513428
05:01 PM,tv,0.2509680986404419
05:01 PM,laptop,0.4701821804046631
05:01 PM,person,0.4674486815929413
05:01 PM,tv,0.4642784297466278
05:01 PM,laptop,0.5353986024856567
05:01 PM,person,0.38268569111824036
05:01 PM,laptop,0.5074640512466431
05:01 PM,person,0.4716033637523651
05:01 PM,tv,0.30469071865081787
05:01 PM,person,0.531037449836731
05:01 PM,tv,0.48106807470321655
05:01 PM,laptop,0.3758625090122223
05:01 PM,remote,0.3166772723197937
05:01 PM,laptop,0.6577689051628113
05:01 PM,person,0.4891808032989502
05:01 PM,person,0.5250895023345947
05:01 PM,laptop,0.4955046772956848
05:01 PM,tv,0.2516598403453827
05:01 PM,person,0.613493025302887
05:01 PM,laptop,0.5315849184989929
05:01 PM,tv,0.28408271074295044
05:01 PM,laptop,0.5584816932678223
05:01 PM,person,0.4993197023868561
05:01 PM,person,0.5336034297943115
05:01 PM,laptop,0.527748167514801
05:01 PM,person,0.5572438836097717
05:01 PM,laptop,0.5436292886734009
05:01 PM,person,0.6469446420669556
05:01 PM,tv,0.5560375452041626
05:01 PM,laptop,0.4185994863510132
05:01 PM,laptop,0.48959386348724365
05:01 PM,person,0.45843881368637085
05:01 PM,laptop,0.5021331310272217
05:01 PM,person,0.4350431561470032
05:01 PM,laptop,0.6081488728523254
05:01 PM,person,0.4918120801448822
05:01 PM,tv,0.27291470766067505
05:01 PM,person,0.5007869601249695
05:01 PM,chair,0.4376169443130493
05:01 PM,laptop,0.3637194037437439
05:01 PM,laptop,0.5424587726593018
05:01 PM,person,0.5216297507286072
05:01 PM,chair,0.29227909445762634
05:01 PM,laptop,0.6041268110275269
05:01 PM,person,0.4892965257167816
05:01 PM,person,0.5821107029914856
05:01 PM,laptop,0.42242300510406494
05:01 PM,person,0.6754714846611023
05:01 PM,laptop,0.5058475136756897
05:01 PM,tv,0.3381354510784149
05:01 PM,person,0.6292153596878052
05:01 PM,laptop,0.47103917598724365
05:01 PM,tv,0.46513691544532776
05:01 PM,person,0.5522118210792542
05:01 PM,tv,0.5152754783630371
05:01 PM,laptop,0.4779275953769684
05:01 PM,laptop,0.5658230185508728
05:01 PM,person,0.4836442470550537
05:01 PM,tv,0.29188573360443115
05:01 PM,person,0.6103431582450867
05:01 PM,laptop,0.5287622213363647
05:01 PM,tv,0.3062731921672821
05:01 PM,laptop,0.6307064890861511
05:01 PM,person,0.6070666909217834
05:01 PM,tv,0.3128466308116913
05:01 PM,person,0.586155116558075
05:01 PM,laptop,0.5182123184204102
05:01 PM,tv,0.2747998833656311
05:01 PM,laptop,0.53287273645401
05:01 PM,person,0.5088630318641663
05:01 PM,tv,0.3062926232814789
05:01 PM,cell phone,0.2635791599750519
05:01 PM,person,0.6225340366363525
05:01 PM,laptop,0.5438523292541504
05:01 PM,tv,0.31625860929489136
05:01 PM,person,0.5932689905166626
05:01 PM,laptop,0.5562770366668701
05:01 PM,tv,0.25455182790756226
05:01 PM,person,0.644195020198822
05:01 PM,laptop,0.5213253498077393
05:01 PM,tv,0.2980373501777649
05:01 PM,laptop,0.5394484996795654
05:01 PM,person,0.4334873855113983
05:01 PM,tv,0.294047087430954
05:01 PM,person,0.5735381841659546
05:01 PM,laptop,0.49788323044776917
05:01 PM,tv,0.2868541479110718
05:01 PM,person,0.6207941770553589
05:01 PM,laptop,0.5326977372169495
05:01 PM,person,0.5756354928016663
05:01 PM,tv,0.4677957594394684
05:01 PM,laptop,0.31624478101730347
05:01 PM,person,0.5870679616928101
05:01 PM,laptop,0.4564554691314697
05:01 PM,tv,0.25020697712898254
05:01 PM,laptop,0.5656079053878784
05:01 PM,person,0.5619950890541077
05:01 PM,tv,0.3045911192893982
05:01 PM,laptop,0.48963743448257446
05:01 PM,person,0.42542564868927
05:01 PM,laptop,0.6072436571121216
05:01 PM,person,0.5483604073524475
05:01 PM,tv,0.2928884029388428
05:01 PM,laptop,0.5923824310302734
05:01 PM,person,0.49517494440078735
05:01 PM,laptop,0.6420871019363403
05:01 PM,person,0.4540177881717682
05:01 PM,person,0.6313698291778564
05:01 PM,laptop,0.4681558609008789
05:01 PM,tv,0.2876319885253906
05:01 PM,person,0.4877120554447174
05:01 PM,tv,0.38730961084365845
05:01 PM,chair,0.32519403100013733
05:01 PM,person,0.6382392048835754
05:01 PM,laptop,0.5720802545547485
05:01 PM,person,0.6891850829124451
05:01 PM,laptop,0.5439865589141846
05:01 PM,person,0.5735748410224915
05:01 PM,chair,0.48463526368141174
05:01 PM,person,0.5387189388275146
05:01 PM,chair,0.40938180685043335
05:01 PM,tv,0.3634456396102905
05:01 PM,person,0.6298879981040955
05:01 PM,laptop,0.47449177503585815
05:01 PM,tv,0.29899370670318604
05:01 PM,person,0.6294228434562683
05:01 PM,laptop,0.495464950799942
05:01 PM,laptop,0.3856510818004608
05:01 PM,tv,0.3632291853427887
05:01 PM,person,0.33537551760673523
05:01 PM,person,0.5362859964370728
05:01 PM,tv,0.3984610438346863
05:01 PM,laptop,0.34107673168182373
05:01 PM,person,0.6578015685081482
05:01 PM,tv,0.41070711612701416
05:01 PM,laptop,0.34786921739578247
05:01 PM,person,0.39321935176849365
05:01 PM,chair,0.43933379650115967
05:01 PM,person,0.41799429059028625
05:01 PM,tv,0.30067914724349976
05:01 PM,person,0.4160993993282318
05:01 PM,chair,0.34975123405456543
05:01 PM,tv,0.34180545806884766
05:01 PM,chair,0.5773274302482605
05:01 PM,person,0.38987424969673157
05:01 PM,chair,0.5255232453346252
05:01 PM,person,0.47636833786964417
05:01 PM,person,0.6672033071517944
05:01 PM,chair,0.32020601630210876
05:01 PM,tv,0.29656723141670227
05:01 PM,person,0.6551171541213989
05:01 PM,chair,0.46741729974746704
05:01 PM,person,0.6309284567832947
05:01 PM,chair,0.3976314961910248
05:01 PM,laptop,0.2692960202693939
05:01 PM,person,0.6011322140693665
05:01 PM,chair,0.438504695892334
05:01 PM,chair,0.6491683125495911
05:01 PM,person,0.5707458853721619
05:01 PM,person,0.5657064914703369
05:01 PM,laptop,0.36776265501976013
05:01 PM,tv,0.3623097538948059
05:01 PM,person,0.6700528264045715
05:01 PM,chair,0.5275301337242126
05:01 PM,person,0.6558660268783569
05:01 PM,tv,0.34836894273757935
05:01 PM,chair,0.2870296835899353
05:01 PM,person,0.6817581653594971
05:01 PM,chair,0.3927063047885895
05:01 PM,tv,0.3226500153541565
05:01 PM,person,0.6614651083946228
05:01 PM,chair,0.3426206707954407
05:01 PM,tv,0.28446128964424133
05:01 PM,person,0.5481429100036621
05:01 PM,chair,0.42737123370170593
05:01 PM,person,0.4559284448623657
05:01 PM,chair,0.3797402083873749
05:01 PM,laptop,0.367491215467453
05:01 PM,person,0.6231209635734558
05:01 PM,laptop,0.510327160358429
05:01 PM,chair,0.3029996156692505
05:01 PM,person,0.6237800121307373
05:01 PM,laptop,0.469283789396286
05:01 PM,chair,0.4562928378582001
05:01 PM,person,0.5173410773277283
05:01 PM,tv,0.32960712909698486
05:01 PM,chair,0.307309627532959
05:01 PM,person,0.3601604700088501
05:01 PM,person,0.556177020072937
05:01 PM,person,0.3987261652946472
05:01 PM,person,0.45634323358535767
05:01 PM,person,0.4119164049625397
05:01 PM,person,0.40826743841171265
05:01 PM,laptop,0.396538108587265
05:01 PM,chair,0.2646850049495697
05:01 PM,person,0.5675957798957825
05:01 PM,tv,0.42168763279914856
05:01 PM,person,0.6286163926124573
05:01 PM,chair,0.43796300888061523
05:01 PM,person,0.6553683280944824
05:01 PM,laptop,0.3946261703968048
05:01 PM,chair,0.33926478028297424
05:01 PM,person,0.48216792941093445
05:01 PM,person,0.6728802919387817
05:01 PM,person,0.5895634293556213
05:01 PM,person,0.4368382692337036
05:01 PM,tv,0.4782108962535858
05:01 PM,laptop,0.3055691719055176
05:01 PM,person,0.6412761807441711
05:01 PM,tv,0.48482054471969604
05:01 PM,laptop,0.40911075472831726
05:01 PM,tv,0.3570067286491394
05:01 PM,person,0.528678834438324
05:01 PM,laptop,0.5120794773101807
05:01 PM,tv,0.4317605197429657
05:01 PM,tv,0.25037649273872375
05:01 PM,laptop,0.5748386979103088
05:01 PM,tv,0.4683987498283386
05:01 PM,person,0.36932191252708435
05:01 PM,tv,0.3131043314933777
05:01 PM,person,0.4948323369026184
05:01 PM,laptop,0.49269095063209534
05:01 PM,tv,0.4124416410923004
05:01 PM,tv,0.3245646059513092
05:01 PM,laptop,0.5690950155258179
05:01 PM,person,0.4832747280597687
05:01 PM,tv,0.46894165873527527
05:01 PM,tv,0.3926723599433899
05:01 PM,laptop,0.4996510148048401
05:01 PM,person,0.4220364987850189
05:01 PM,tv,0.40294718742370605
05:01 PM,person,0.4717790186405182
05:01 PM,laptop,0.46200621128082275
05:01 PM,tv,0.4210130572319031
05:01 PM,tv,0.4151306748390198
05:01 PM,laptop,0.5850406289100647
05:01 PM,person,0.47130075097084045
05:01 PM,tv,0.3576688766479492
05:01 PM,tv,0.3229718804359436
